"","group","PI_width_at_mean","PI_avg_width"
"1","UCLA",6.93130948995219,6.93131245541128
"2","ben",6.79374763669137,6.79375407804492
"3","plan",11.0091096893866,11.0091257689694
"4","mixplan",12.5792797430917,12.5793158793476
"5","mixben",6.34164741677928,6.34216346551056
"6","epiben",10.5342797086824,10.5342877442184
"7","infraben",5.23410696247151,5.23412616608442
"8","allforams",10.262460048276,10.2624621562643
